full_name,sm_axis,eccentricity,inclination,longitude,arg_perihelion,dist_perihelion,dist_aphelion,orb_period,data_arc,albedo,rot_per,spec_B,spec_T,moid,diameter,size
Eriphyla (1900 FQ),2.872398804,0.08799001,3.192670006,105.275106,251.1954773,2.619656404,3.125141203,4.868277301,43300,0.259,8.659,S,S,1.61635,34.274,SMALL
Feodosia (1924 TP),2.732684017,0.18058295,15.8088628,52.76629618,183.4404338,2.239207877,3.226160157,4.517439317,34595,0.057,10.46,Ch,XC,1.228,62.218,SMALL
Phaedra,2.862284603,0.141180788,12.12087238,327.6684776,289.3818847,2.458185008,3.266384197,4.84258691,51849,0.169,5.744,S,S,1.47493,64.849,SMALL
Phthia,2.4514276,0.036370434,5.176071048,203.4149085,167.2212159,2.362268116,2.540587085,3.838281382,50962,0.17,22.346,Sa,S,1.36098,38.49,SMALL
Frigga,2.668110949,0.132298071,2.422958194,1.149364306,61.83027275,2.315125017,3.021096881,4.358268976,51164,0.177,9.012,Xe,MU,1.32908,61.39,SMALL
Niobe,2.756529553,0.173322118,23.26242197,316.0043202,266.9750611,2.278762013,3.234297092,4.576697218,56731,0.3052,35.864,Xe,S,1.40954,83.42,LARGE
Loreley,3.12619586,0.085553397,11.22600611,302.497204,346.6724343,2.858739186,3.393652534,5.527547429,52239,0.047,7.226,Cb,CD,1.84314,180.083,LARGE
Zelima (1907 ZM),3.018797787,0.083508433,10.9014324,147.2889136,189.9221318,2.766702714,3.27089286,5.245165992,41009,0.203,11.73,S,S,1.75656,33.387,SMALL
Terpsichore,2.853597192,0.210697402,7.802982638,0.95964501,51.67737782,2.252351676,3.454842707,4.820556813,56522,0.045,10.943,Cb,C,1.27209,117.727,LARGE
Davida (1903 LU),3.16488038,0.188134966,15.93822372,107.5963266,337.4405412,2.569455716,3.760305045,5.630463564,42444,0.076,5.1297,C,C,1.59307,270.327,LARGE
Riema (1923 NX),1.979167083,0.039292888,26.86093189,163.3799265,348.9212192,1.901399892,2.056934275,2.784401707,34947,1,3.588,Xe,E,0.911444,4.605,SMALL
Diotima (1896 DB),3.0664411,0.035881643,11.24426484,69.37421166,198.5487926,2.956412156,3.176470044,5.369825132,43932,0.067,4.775,C,C,1.94249,175.859,LARGE
Janina (1894 AU),3.139727934,0.167209715,2.659582178,92.78022155,324.2494039,2.614734921,3.664720947,5.563476111,45859,0.101,6.4,B,B,1.62702,43.482,SMALL
Don Quixote (1983,4.258927154,0.708843964,31.08108209,350.0027593,316.4480834,1.24001235,7.277841958,8.789385642,13197,0.03,7.7,D,D,0.333524,19,SMALL
Eros (1898 DQ),1.458112259,0.222735721,10.82856733,304.3062625,178.8213598,1.133338574,1.782885943,1.760737622,45762,0.25,5.27,S,S,0.149341,16.84,SMALL
Campania (1893 AN),2.689278346,0.077943635,6.678633275,210.120859,195.6395218,2.479666217,2.898890476,4.410236048,45969,0.06,11.664,Ch,PD,1.48865,90.346,LARGE
Bruce Helin (1977,2.361863108,0.214778667,23.45965148,45.85134594,309.7944762,1.854585298,2.869140918,3.629863435,15715,0.238,128,Sl,S,0.918053,12.467,SMALL
Paradise (1977 CA),2.39604653,0.172407292,31.08389305,336.0611134,165.8355174,1.982950636,2.809142424,3.708950811,15528,0.247,9.81,Sa,SU,1.00007,8.384,SMALL
Winchester (1913 QZ),3.005864083,0.339229722,18.18137313,129.1696674,277.0381939,1.986185646,4.025542519,5.211493624,38876,0.0503,9.4146,C,PC,1.08825,171.71,LARGE
Koronis,2.870949344,0.051579677,1.005094953,277.6990824,145.2642766,2.722866703,3.019031985,4.864592846,46030,0.213,14.218,S,S,1.73552,39.025,SMALL
Aemilia,3.102688587,0.107018123,6.130813712,134.1144264,333.2562649,2.770644679,3.434732495,5.465318605,42125,0.064,24.476,Ch,C,1.78927,125.236,LARGE
Tiflis (1913 RM),2.328706125,0.221376252,10.08980072,61.34959469,203.0667188,1.81318589,2.84422636,3.553695648,40729,0.333,9.85,L,S,0.802062,20.922,SMALL
Athor,2.379041603,0.137738106,9.059606961,18.60153213,294.8869062,2.051356919,2.706726286,3.669536883,43778,0.23,7.28,Xc,M,1.05686,40.992,SMALL
Berbericia (1914 TY),2.931359264,0.165064145,18.23708001,79.7217093,306.9518351,2.447496954,3.415221575,5.018937353,38395,0.065,7.668,Cgh,C,1.49798,151.711,LARGE
Watsonia (1912 OD),2.759228645,0.097570154,18.04930621,124.3277491,87.94588298,2.490010281,3.028447009,4.583420864,37377,0.133,25.23,L,STGD,1.56469,50.025,SMALL
Baucis,2.380018229,0.114065021,10.0185878,331.9242583,359.6794069,2.108541401,2.651495058,3.671796703,49871,0.1382,27.417,L,S,1.09701,62.43,SMALL
Tercidina (1892 O),2.325583448,0.061132998,9.744102128,212.610947,231.1955099,2.183413558,2.467753337,3.546550055,46290,0.037,12.371,Ch,C,1.21067,96.865,LARGE
Asporina,2.693791387,0.109840908,15.62089766,162.2932666,96.144662,2.397902895,2.989679878,4.421342329,49108,0.193,16.222,A,A,1.44368,50.891,SMALL
Veritas (1902 JP),3.171908236,0.093738903,9.278218336,178.325857,193.9424722,2.874577037,3.469239436,5.649228276,42716,0.059,7.93,Ch,C,1.87431,118.803,LARGE
Erato,3.135443052,0.167731835,2.233522156,125.1514784,276.3918498,2.609529435,3.661356668,5.55209103,41479,0.048,9.2213,Ch,BU,1.61861,106.921,LARGE
Dione,3.186263512,0.162166137,4.592184153,62.15755584,330.1541992,2.669559468,3.702967556,5.68762216,54213,0.044,16.21,Cgh,G,1.67634,207.869,LARGE
Octavia (1906 UC),2.761362071,0.249975521,12.22817608,91.52625141,292.1548011,2.071089148,3.451634994,4.588737719,40833,0.044,10.8903,X,C,1.11086,78.237,LARGE
Laetitia,2.769319014,0.111475577,10.3689809,156.9530994,209.1324657,2.46060758,3.078030448,4.608585866,59605,0.269,5.138,S,S,1.46215,179.484,LARGE
Lilaea,2.752512723,0.14479598,6.801180142,122.0349131,162.0887449,2.353959947,3.151065499,4.566697081,50928,0.092,12.042,B,F,1.33801,82.096,LARGE
Zwetana (1914 UN),2.568726739,0.210639855,12.77140343,71.86856592,131.4759738,2.027650512,3.109802966,4.117039767,41915,0.12,8.8882,Cb,M,1.04599,49.46,SMALL
Bowell (1979 XH),3.954851193,0.093456918,6.49523848,155.6368571,21.92608822,3.58524299,4.324459396,7.865085047,23493,0.045,4.992,D,D,2.59118,48.424,SMALL
Valeria (1906 VL),2.977298237,0.122507529,13.44622438,189.4032147,256.8461695,2.612556785,3.342039688,5.13738026,43021,0.124,6.977,L,S,1.66782,57.468,SMALL
Huenna (1894 AQ),3.14338215,0.180413611,1.669675604,171.9096935,180.2608705,2.576273225,3.710491075,5.573191631,45880,0.046,14.141,C,B,1.56993,84.787,LARGE
Eichsfeldia (1899 EE),2.344948752,0.071013246,6.069627016,134.8951743,84.55437428,2.178426328,2.511471175,3.590940721,46532,0.044,11.871,Ch,C,1.18081,62.171,SMALL
Asterope,2.660010425,0.098956456,7.690881548,221.9732461,126.0275859,2.39678522,2.92323563,4.338436151,44553,0.094,19.7,K,T,1.39984,99.672,LARGE
Vibilia,2.655049606,0.234504061,4.81438201,76.19647229,294.6136702,2.032429691,3.277669521,4.326305283,41718,0.0597,13.819,Ch,C,1.03742,142.38,LARGE
Anastasia (1916 ZH),2.792313253,0.137766699,8.126911215,141.3864157,141.9583289,2.407625473,3.177001033,4.666103939,38646,0.087,250,L,S,1.39678,32.457,SMALL
Circe,2.68738341,0.105948047,5.496017155,184.3613092,330.6761387,2.402660386,2.972106434,4.405575516,56728,0.052,12.15,Ch,C,1.41435,132.992,LARGE
Sorga (1912 OQ),2.988401568,0.140738267,10.68843741,46.15017513,288.6039548,2.567819109,3.408984027,5.166145526,37723,0.209,8.184,Xe,CD,1.58306,34.597,SMALL
Lydia,2.731441254,0.081451571,5.964953509,56.86559515,283.1161076,2.508961073,2.953921436,4.514358023,54376,0.1808,10.927,X,M,1.50807,86.09,LARGE
Gyptis (1899 EL),2.769286299,0.175600725,10.27695964,195.7145525,154.7384266,2.282997617,3.255574981,4.608504202,43960,0.051,6.214,C,C,1.28175,159.331,LARGE
Tirza,2.775406808,0.098652211,6.003219889,73.74745159,196.6117662,2.501606789,3.049206828,4.623790797,40705,0.051,7.648,D,DU,1.48577,55.998,SMALL
Suevia (1896 CT),2.798316972,0.135989858,6.648538143,199.5053201,348.890037,2.417774243,3.178859701,4.681160826,42722,0.072,7.034,Xk,X,1.41916,54.874,SMALL
Corduba (1893 V),2.801577638,0.157280767,12.79122043,185.1857854,216.2112221,2.360943357,3.242211919,4.689345111,44206,0.05,12.705,C,X,1.37923,86.773,LARGE
Erminia (1910 KV),2.923332713,0.049752196,25.01382456,2.807349383,102.6045745,2.77789049,3.068774935,4.998337437,39765,0.031,53.96,C,X,1.86393,132.261,LARGE
Klio,2.36248979,0.235843694,9.31534739,327.5144105,15.1547952,1.805311471,2.91966811,3.631308221,56142,0.0527,23.562,Ch,G,0.797648,79.16,LARGE
Ate,2.593214392,0.102706873,4.931572607,305.7385348,166.3973952,2.32687345,2.859555335,4.176051416,54422,0.062,22.072,Ch,C,1.34401,126.344,LARGE
Lamberta,2.726894088,0.24156695,10.58578524,21.69053499,196.8289739,2.068166599,3.385621577,4.503089802,42698,0.044,10.67,Ch,C,1.06396,147.294,LARGE
Notburga (1907 XO),2.572984614,0.242882819,25.37154105,341.6386962,43.55622323,1.948050858,3.197918371,4.127280506,40997,0.032,19.353,Xc,CX,0.997854,73.236,LARGE
Undina,3.185736393,0.104533313,9.932002849,101.5788858,239.1327349,2.852720814,3.518751973,5.686210822,54118,0.2509,15.941,Xc,X,1.85836,126.42,LARGE
Danae,2.985558304,0.165958717,18.19649465,333.6550237,12.42664142,2.490078879,3.481037729,5.158774417,56240,0.203,11.45,S,S,1.4837,85.937,LARGE
Scheila (1906 UA),2.928751531,0.163321723,14.66140054,70.60366154,175.3154317,2.450422785,3.407080277,5.012241582,41453,0.04,15.848,T,PCD,1.43692,159.726,LARGE
Malzovia (1913 RF),2.24384842,0.172998287,5.394243958,109.7589195,128.90851,1.855666487,2.632030352,3.361231891,38649,0.27,5.9279,S,S,0.848747,11.065,SMALL
Austria,2.286339426,0.085214594,9.579215943,186.4549295,132.8848726,2.091509939,2.481168913,3.457158256,51977,0.201,11.4969,Xe,M,1.09158,36.893,SMALL
Carlova (1893 N),3.007699194,0.175994577,11.69433884,132.4073477,288.4494583,2.478360446,3.537037943,5.21626686,42152,0.043,6.183,C,C,1.52122,129.125,LARGE
Zelinda (1908 BM),2.297174526,0.231144153,18.12626698,278.4432442,213.9094091,1.766196067,2.828152985,3.48176287,40650,0.027,31.735,Ch,C,0.804655,160.736,LARGE
Hekate,3.087283252,0.169204158,6.431726468,127.1913929,184.5787772,2.56490209,3.609664415,5.424664928,54173,0.205,27.066,S,S,1.54987,85.734,LARGE
Hertha,2.428396219,0.206991383,2.303799898,343.5794855,340.1122253,1.925739129,2.93105331,3.784317136,49071,0.1436,8.403,Xk,M,0.912862,79.24,LARGE
Agnia (1915 XX),2.782330511,0.095757137,2.48188335,270.9182549,130.0056871,2.515902508,3.048758515,4.641103779,41124,0.152,14.827,S,S,1.5244,24.931,SMALL
Hermentaria (1892 P),2.796472879,0.10191815,8.752262384,91.94145971,292.0678559,2.511461536,3.081484222,4.676534256,46143,0.332,28.523,S,S,1.53123,86.447,LARGE
Kolga,2.893762679,0.090834079,11.50794189,159.3000411,226.6029072,2.630910411,3.156614947,4.922690925,49162,0.046,17.604,Cb,XC,1.64621,94.536,LARGE
Bohemia (1893 AD),2.727509925,0.064748871,7.401166711,283.3906412,342.5456106,2.550906736,2.904113114,4.504615343,46037,0.234,10.7391,S,QSV,1.53546,52.976,SMALL
Martha,2.777709295,0.036161311,10.69505557,211.7903025,176.731161,2.677263686,2.878154903,4.629545857,50949,0.061,14.911,Ch,C,1.68139,76.983,LARGE
Diana,2.619441853,0.207365208,8.700972719,333.4009125,152.7725128,2.076260748,3.162622957,4.239565463,56942,0.0706,7.2991,Ch,C,1.0957,120.6,LARGE
Melpomene,2.29665351,0.217674362,10.1287313,150.3838618,227.9508469,1.796730922,2.796576098,3.480578404,60906,0.181,11.57,S,S,0.813258,139.594,LARGE
Myrrha (1894 AS),3.225266728,0.090122891,12.55618834,125.0805517,143.4040796,2.934596366,3.51593709,5.79237482,45740,0.064,6.572,Cb,C,1.92842,127.639,LARGE
Nausikaa,2.403100507,0.245042132,6.797989328,343.1085347,30.67497087,1.814239635,2.991961379,3.725341625,50992,0.327,13.625,Sl,S,0.817303,98.776,LARGE
Concordia,2.700075758,0.042782371,5.06541028,161.1075355,30.80176723,2.584560115,2.815591401,4.436823236,56705,0.044,9.895,Ch,C,1.58633,106.517,LARGE
Berkeley (1911 MD),2.814911909,0.086347708,8.480344514,145.9167016,57.51643143,2.571850717,3.057973101,4.722863729,41308,0.17,15.55,S,S,1.58188,19.768,SMALL
Sapientia,2.769711341,0.163930452,4.764284007,134.0501295,39.70275076,2.31567131,3.223751372,4.609565243,46611,0.049,14.931,C,X,1.32393,103,LARGE
Philippina (1907 YJ),2.793201756,0.081841255,18.91739464,224.7086382,278.3544874,2.56460262,3.021800893,4.668331221,41056,0.229,5.899,S,S,1.6487,50.491,SMALL
Ra-Shalom (1978 RA),0.832030193,0.436498448,15.75341917,170.8136994,356.0610614,0.468850305,1.19521008,0.758956407,16101,0.13,19.797,Xc,C,0.149853,2.3,SMALL
Thisbe,2.769174121,0.16164291,5.21393152,276.4610477,36.23247245,2.321556759,3.216791484,4.608224184,55942,0.0671,6.042,B,CF,1.30894,232,LARGE
Cloelia (1908 CL),3.018485024,0.034519157,9.227519568,335.7655834,183.2774037,2.914289466,3.122680582,5.244350873,37088,0.182,5.536,K,S,1.9236,40.081,SMALL
Irene,2.585567305,0.16658231,9.121643599,86.12266133,97.85899133,2.15485753,3.016277081,4.157593008,61450,0.159,15.028,S,S,1.17966,152,LARGE
Xanthippe,2.727097984,0.227211742,9.781851796,241.8287643,338.2902578,2.107469301,3.346726667,4.50359487,43067,0.03,22.37,Ch,C,1.10239,143.346,LARGE
Solvejg (1933 QS),3.097608593,0.190610165,3.101106302,121.338963,185.1560296,2.507172907,3.688044279,5.451901652,34022,0.121,19.3,B,BC,1.49146,36.824,SMALL
Protogeneia,3.141319919,0.025522912,1.933842626,248.2950357,98.27459979,3.061144287,3.22149555,5.56770805,49481,0.0492,7.8528,C,C,2.05303,132.93,LARGE
Sidonia (1905 SD),3.012229606,0.077929918,11.01926099,82.64888546,228.2381388,2.7774868,3.246972412,5.228056969,41117,0.1748,16.286,K,S,1.77546,85.57,LARGE
Abundantia,2.59151599,0.033272581,6.434814732,38.86607467,131.8396625,2.505289563,2.677742417,4.171949487,49150,0.233,9.864,Sl,S,1.51343,39.037,SMALL
Galatea,2.78309383,0.236436907,4.070961926,197.196859,174.3051994,2.125067733,3.441119927,4.643013805,56815,0.0431,17.268,C,C,1.12443,118.71,LARGE
Sibylla,3.372311795,0.073635106,4.670180376,205.9602059,175.3246772,3.123991258,3.620632332,6.192981527,50894,0.056,47.009,Ch,C,2.12595,145.366,LARGE
Endymion (1892 K),2.568153796,0.129296902,7.352661377,232.6688685,225.1469199,2.236099465,2.900208126,4.115662413,46328,0.038,6.319,Ch,C,1.25972,60.903,SMALL
Lucina,2.718078995,0.06726758,13.1011317,83.94558915,146.0037425,2.535240398,2.900917592,4.48127209,48896,0.036,18.557,Ch,C,1.53188,160.31,LARGE
Elektra,3.125184922,0.208770572,22.77951976,145.015763,237.4524769,2.472738278,3.777631566,5.524866427,45917,0.086,5.225,Ch,G,1.54137,180.652,LARGE
Dorothea (1892 G),3.013079742,0.097752765,9.962295419,173.4999322,164.3981466,2.718542865,3.307616619,5.230270383,46229,0.198,5.974,K,S,1.71054,44.329,SMALL
Irmintraud (1913 TV),2.858010779,0.078749308,16.66643537,322.3138449,332.27007,2.632944409,3.083077149,4.831744889,38591,0.048,6.7514,T,D,1.62637,91.672,LARGE
Melete,2.595744872,0.238082774,8.080990773,192.9849355,105.0371245,1.977742733,3.213747012,4.182165445,56213,0.057,18.147,Xk,P,0.980357,121.333,LARGE
Burdigala (1894 AV),2.651000428,0.148580108,5.590465593,47.8325245,34.8223101,2.257114497,3.044886359,4.316412078,43823,0.192,21.1,S,S,1.27543,34.435,SMALL
Aquitania (1894 AZ),2.741148818,0.235067234,18.11271767,128.2281007,157.2445316,2.096794547,3.385503089,4.538445489,45646,0.19,24.144,L,S,1.08997,100.51,LARGE
Egeria,2.575981091,0.085121415,16.53612295,43.22191706,80.54483096,2.356709935,2.795252248,4.1344925,61531,0.07,7.045,Ch,G,1.43633,222.792,LARGE
Phaethon (1983 TB),1.271372811,0.889897661,22.26024405,265.216236,322.1855106,0.13998112,2.402764501,1.433565634,13128,0.1066,3.604,B,F,0.0195545,6.25,SMALL
Klymene,3.145016321,0.160572204,2.790040532,41.67434694,31.83567246,2.640014118,3.650018524,5.577538254,48908,0.052,8.984,Ch,C,1.6552,136.553,LARGE
Herculina (1904 NY),2.7725462,0.175352702,16.31537444,107.5325753,76.30367604,2.286372733,3.258719667,4.616644037,42020,0.285,9.405,S,S,1.3544,167.791,LARGE
Rhodope,2.684670143,0.211819463,12.02935233,128.9127089,264.4042062,2.116004754,3.253335532,4.398905189,48819,0.046,4.715,Xe,GC,1.16106,52.393,SMALL
Devosa (1892 E),2.382994911,0.136946104,7.853661616,355.4726836,98.48056865,2.056653042,2.70933678,3.678687314,46247,0.135,4.653,X,X,1.09062,64.549,SMALL
Athamantis,2.382303148,0.061583721,9.450957602,239.8533214,140.1272952,2.235592055,2.529014242,3.677085594,50019,0.164,24.0055,Sl,S,1.24762,111.332,LARGE
Sylvania (1903 MP),2.791492082,0.183114523,11.01242072,44.72028718,302.4641896,2.280329342,3.302654822,4.66404576,42308,0.246,17.962,S,S,1.29613,40.078,SMALL
Viola (1926 TE),2.473658187,0.145872136,3.320253865,143.6079504,304.5714924,2.112820385,2.83449599,3.890610321,33924,0.041,7.336,C,F,1.13136,22.298,SMALL
Rachele (1908 EP),2.922543821,0.195453228,13.50979762,58.13849625,41.85076862,2.351323196,3.493764446,4.996314293,43051,0.206,30.982,S,S,1.38596,96.171,LARGE
Portlandia (1908 EJ),2.37300251,0.109620787,8.168654732,22.51068257,43.93077788,2.112872107,2.633132914,3.655573318,38848,0.217,6.5837,Xk,XF,1.13344,32.894,SMALL
Dulcinea (1905 QZ),2.408931988,0.243945681,5.227982232,3.179812163,27.57854967,1.821283433,2.996580542,3.73890999,41519,0.298,126.3,S,S,0.827709,11.696,SMALL
Kleopatra,2.793772621,0.250909101,13.11298701,215.3550173,180.0566243,2.092789645,3.494755597,4.669762439,50790,0.1164,5.385,Xe,M,1.09911,122,LARGE
Botolphia (1913 QT),2.719329206,0.070465452,8.413729248,100.7092323,61.93450942,2.527710443,2.910947968,4.484364262,40301,0.1391,23.93,X,X,1.55025,29.64,SMALL
Edda (1908 EA),2.814158886,0.010857322,2.877536085,226.7110567,234.7209131,2.783604657,2.844713115,4.720968722,40408,0.092,22.34,S,S,1.80168,37.622,SMALL
Ortrud (1904 PM),2.967778162,0.12212707,0.396577908,5.966831935,68.27553792,2.605332109,3.330224214,5.112759383,41912,0.04,17.416,C,XC,1.62016,81.113,LARGE
Arete,2.737722818,0.164432662,8.795436827,81.60526726,246.2647209,2.287551768,3.187893868,4.529939646,51214,0.373,6.6084,S,S,1.29195,31.729,SMALL
Celuta,2.361442586,0.15015535,13.18512007,14.75869414,315.6239597,2.006859347,2.716025824,3.62889405,49462,0.1929,19.842,K,S,1.01842,49.99,SMALL
Tombaugh (1931 FH),3.023690232,0.102029995,9.394902511,309.0791021,38.12670677,2.715183134,3.33219733,5.257922103,36214,0.1038,7.24,Xc,XSCU,1.71345,32.33,SMALL
Silesia,3.125705545,0.110635729,3.615904954,34.23646078,29.98761881,2.779890834,3.471520255,5.526247061,48713,0.0545,15.7095,Ch,SCTU,1.79359,72.66,LARGE
Tyche,2.61553151,0.204119389,14.32230095,207.5643947,155.6140498,2.081650817,3.149412203,4.230075677,48677,0.1676,10.041,S,S,1.08817,64.78,SMALL
Evelyn (1903 LF),2.723147998,0.176337208,5.010392982,68.89894016,41.83353729,2.242955683,3.203340314,4.493813762,42407,0.0585,38.78,Ch,XC,1.26281,81.68,LARGE
Nyx (1980 PA),1.927084706,0.459476247,2.185926605,261.2510573,126.6051178,1.041635058,2.812534354,2.675219425,14141,0.23,4.42601,V,V,0.0556973,1,SMALL
Peitho,2.43675488,0.164561865,7.745998415,47.68280998,33.4010243,2.035757953,2.837751808,3.803872653,53839,0.245,7.8055,S,S,1.05591,40.211,SMALL
Nephele (1897 DN),3.139731473,0.170101038,1.82762527,117.1895917,216.9741875,2.60565989,3.673803057,5.563485519,42680,0.055,13.53,B,B,1.59502,101.9,LARGE
Barbara,2.385936886,0.245427789,15.37221639,144.5256922,192.177955,1.800361672,2.9715121,3.685501814,49639,0.205,26.4744,Ld,S,0.791683,45.476,SMALL
Mandeville (1913 QR),2.73668864,0.143926425,20.66199857,136.5574782,45.26979338,2.342806827,3.130570454,4.527373104,36974,0.051,11.931,X,X,1.38819,104.517,LARGE
Papagena (1901 GN),2.893827047,0.228618659,15.01716456,83.81346004,315.1361916,2.232244189,3.555409904,4.922855173,43192,0.164,7.113,S,S,1.26726,148.128,LARGE
Prokne,2.615394837,0.238323406,18.50864889,159.3029088,163.0771466,1.992085031,3.238704644,4.229744121,51286,0.057,15.679,C,C,0.985887,161.667,LARGE
Mitaka (1927 WA),2.201609581,0.195539661,7.652197442,54.49311232,319.6938373,1.771107591,2.632111572,3.266770779,32788,0.173,3.0361,S,S,0.780079,15.137,SMALL
Antiope,3.149874886,0.16607652,2.206907591,69.97002222,244.8751967,2.626754625,3.672995147,5.590467898,55740,0.058,16.509,C,C,1.61312,115.974,LARGE
Lomia,2.990315511,0.027627708,14.90248311,348.7754849,51.19681674,2.907699949,3.072931074,5.171109363,46233,0.027,9.127,X,XC,1.92333,208.974,LARGE
Mnemosyne,3.151209171,0.113466854,15.21509019,199.2006564,210.7687811,2.793651382,3.508766961,5.594020453,58312,0.2149,12.463,S,S,1.81222,112.59,LARGE
Eurykleia,2.877853688,0.043628526,6.969878774,6.986817633,118.5996388,2.752297172,3.003410204,4.882151676,49299,0.051,16.521,Ch,C,1.77542,93.109,LARGE
Helio (1918 DU),3.201838236,0.145106944,26.07956897,264.687314,177.8977857,2.737229276,3.666447196,5.729375443,41230,0.071,9.347,B,FCB,1.75338,109.568,LARGE
Isolda,3.040848688,0.160731281,3.886319973,263.6281577,173.3744784,2.552089184,3.529608193,5.302741027,50868,0.062,18.365,Ch,C,1.56738,141.125,LARGE
Miriam,2.662343774,0.252032537,5.176794936,210.8577664,147.0569018,1.991346517,3.33334103,4.344145886,54622,0.051,23.613,C,P,0.989341,82.595,LARGE
Liriope (1896 CN),3.507366135,0.072463954,9.556404917,110.5743632,318.9181218,3.253208517,3.761523752,6.568706521,40831,0.027,7.353,Cg,C,2.27564,88.76,LARGE
Vaticana (1896 CS),2.791704753,0.218183816,12.86312136,58.08693484,198.1221703,2.182599958,3.400809549,4.66457877,44089,0.1689,5.372,Sl,S,1.17168,85.47,LARGE
Sirona,2.766288649,0.14206016,3.5643983,63.71031054,94.53183559,2.373309239,3.159268058,4.601023423,53563,0.256,12.028,Sk,S,1.38617,71.7,SMALL
Tezcatlipoca (1950 LA),1.709520974,0.364744372,26.8695904,246.5742663,115.4530666,1.085982821,2.333059127,2.235217827,25243,0.25,7.24612,Sl,SU,0.245309,4.3,SMALL
Penelope,2.679821437,0.179754284,5.75421307,156.9458316,180.6083763,2.198112055,3.16153082,4.386993467,51144,0.04,3.7474,X,M,1.18797,85.877,LARGE
Tergeste (1901 GU),3.016198754,0.082863279,13.18342321,233.9014568,239.5844659,2.766266635,3.266130874,5.238393715,43062,0.174,16.101,L,S,1.80949,80.738,LARGE
Pierretta,2.782119423,0.159549545,9.029081057,6.259151181,262.7181598,2.338233534,3.226005311,4.640575625,46640,0.23,10.282,Sk,S,1.3435,46.191,SMALL
Rhoda (1918 EU),2.803106947,0.160732109,19.55028096,43.10440925,88.09841844,2.352557656,3.253656238,4.693185323,43313,0.032,22.44,Xk,C,1.46204,82.66,LARGE
Dudu (1905 QM),2.746319679,0.277680155,17.99373929,70.76609603,214.9242902,1.983721205,3.508918154,4.551293425,41741,0.05,8.882,Xc,CDX,0.990992,52.01,SMALL
Holda (1917 BZ),2.732186329,0.078821121,7.374097345,194.7347476,17.84081831,2.516832338,2.947540319,4.51620527,43291,0.165,5.945,X,M,1.5126,34.431,SMALL
Lucretia,2.187358803,0.13267527,5.303962169,31.40887174,16.58788825,1.897150383,2.477567223,3.235103985,47140,0.226,4.348,S,SU,0.906903,11.036,SMALL
Etheridgea,3.029221839,0.097296094,6.037947509,21.96099351,332.7798762,2.734490385,3.323953294,5.272357143,46525,0.0447,25.315,C,CX,1.73091,74.92,LARGE
Juewa,2.782193067,0.174812462,10.90888225,1.829932317,165.6002678,2.295831049,3.268555086,4.640759885,45439,0.052,20.991,X,CP,1.30419,151.116,LARGE
Fortuna,2.442710697,0.158046851,1.573782207,211.1440435,182.0650176,2.056647963,2.828773431,3.817827076,60970,0.037,7.4432,Ch,G,1.06213,200,LARGE
Virtus (1902 JV),2.986421418,0.064601481,7.084995475,38.21260842,217.7224888,2.793494172,3.179348664,5.161011653,42686,0.065,5.57,Ch,C,1.78295,100.786,LARGE
Nefertiti (1982 RA),1.574459175,0.284146115,32.96161689,340.0066303,53.40777463,1.127082717,2.021835634,1.975628618,13434,0.42,3.021,Sq,S,0.215293,2.2,SMALL
Phyllis (1905 PW),2.464368612,0.103682492,5.246059729,286.0392328,178.02551,2.208856733,2.71988049,3.868714713,40893,0.201,4.293,S,S,1.22591,36.279,SMALL
Liberatrix,2.744361969,0.07777621,4.663375923,168.9922715,109.7857693,2.530915895,2.957808043,4.546427718,53527,0.182,3.968,X,M,1.51881,48.418,SMALL
Iclea,3.195584064,0.028222733,17.89769818,149.0875863,211.6740141,3.105395947,3.285772181,5.712596802,44378,0.0508,15.365,Ch,CX,2.10386,94.3,LARGE
Pallas,2.772465922,0.230336821,34.83623442,173.0800627,310.0488574,2.133864935,3.411066909,4.616443528,72318,0.101,7.8132,B,B,1.23324,545,LARGE
Bettina,3.142700416,0.135085089,12.82049613,23.82498524,76.08572654,2.718168449,3.567232383,5.571378666,48928,0.112,5.0545,Xk,M,1.77023,120.995,LARGE
Ingeborg (1894 BE),2.32018549,0.305420605,23.20080611,212.872769,147.0475348,1.611553034,3.028817945,3.534209271,45453,0.29,26.391,S,S,0.644475,15.751,SMALL
Padua (1893 S),2.747942057,0.071023064,5.947000862,64.74705521,296.1980118,2.552774792,2.943109322,4.555327009,46647,0.059,8.401,X,XC,1.55616,97,LARGE
Eos,3.010967444,0.104278175,10.87905291,141.8202009,192.9950612,2.696989254,3.324945634,5.224771382,48869,0.166,10.443,K,S,1.68681,95.469,LARGE
Philomela,3.113336496,0.015906516,7.263022248,72.32192847,199.751591,3.063814158,3.162858834,5.49347682,51225,0.342,8.334,S,S,2.04839,144.626,LARGE
Marghanna (1912 PY),2.729290692,0.321653289,16.87902042,42.98415494,309.8283454,1.851405365,3.607176019,4.509027597,38964,0.059,20.62,Ch,C,0.893386,67.976,SMALL
Cybele,3.425952865,0.111942943,3.563530794,155.6163089,102.6307566,3.042441618,3.809464112,6.341328882,57769,0.0706,6.0814,Xc,P,2.02972,237.26,LARGE
Clorinde,2.340028261,0.080369273,9.032814942,144.9000461,296.6478825,2.151961891,2.528094632,3.579644152,44131,0.0502,6.42,B,BFU,1.18504,39.03,SMALL
Vienna (1894 BM),2.63502363,0.247396451,12.8631462,227.9257319,140.1184399,1.983128137,3.286919124,4.277450314,44030,0.139,15.48,K,S,1.00115,49.032,SMALL
Arizona (1907 ZD),2.794530912,0.12532294,15.78797046,36.05275251,308.644779,2.444312083,3.144749742,4.671663783,41037,0.196,7.399,S,DU,1.47097,26.636,SMALL
Peraga (1905 PS),2.374422896,0.153318145,2.934718906,295.4199283,127.2237729,2.010380782,2.738465011,3.658855932,44903,0.0496,13.7128,Ch,FC,1.02485,95.87,LARGE
Interamnia (1910 KU),3.057946077,0.154658313,17.30973931,280.2846658,94.98290303,2.585009297,3.530882858,5.347526392,39658,0.078,8.727,B,F,1.65737,306.313,LARGE
Tinette (1909 HG),2.720867888,0.272652741,14.87941729,334.3381201,52.80916705,1.9790158,3.462719977,4.488170894,36776,0.079,7.3962,X,X,1.0168,21.533,SMALL
Hestia,2.525788446,0.172002218,2.349673628,181.0874776,177.4171769,2.091347232,2.960229659,4.014243017,56621,0.046,21.04,Xc,P,1.08671,112.414,LARGE
Pogson (1968 HA),2.188423661,0.056311527,3.95403862,147.4541476,334.9593477,2.065190182,2.31165714,3.237466661,33986,0.274,2.56999,S,S,1.08174,7.71,SMALL
Chloris (1896 CH),2.724259913,0.242386933,10.96656888,96.93169674,172.8561241,2.063934907,3.38458492,4.496566413,41402,0.044,32.5,Ch,C,1.04775,116.245,LARGE
Io,2.651765384,0.194545765,11.96206292,203.1135422,123.0324743,2.135875659,3.16765511,4.318280487,56114,0.0666,6.875,B,FC,1.1514,154.79,LARGE
Antinous (1948 EA),2.258732647,0.606567807,18.40010586,346.4438822,268.0619559,0.88865814,3.628807154,3.394731622,26010,0.24,7.453,Sq,SU,0.182839,2.1,SMALL
Montefiore (1914 UK),2.179954643,0.038826461,5.261485196,80.47400909,81.05026115,2.095314719,2.264594567,3.218691764,37786,0.224,4.0728,Sl,S,1.11094,14.158,SMALL
Sara (1904 NZ),2.978332503,0.045373577,6.556866565,180.3202008,32.73099023,2.843194903,3.113470103,5.14005746,43009,0.252,11.654,S,S,1.84049,30.819,SMALL
Libussa,2.796852458,0.137092132,10.42520404,49.59925573,340.5995305,2.41342599,3.180278926,4.677486442,46052,0.187,9.2276,S,S,1.42165,62.969,SMALL
Hera,2.701656653,0.079198729,5.418388037,136.083601,188.4790101,2.487688881,2.915624426,4.440720449,54091,0.217,23.74,S,S,1.47464,83.908,LARGE
Aline,2.807292039,0.15392114,13.40304719,235.8611015,151.278485,2.375190449,3.239393629,4.703699768,46886,0.059,13.018,Ch,C,1.38951,109.494,LARGE
Hygiea,3.141539179,0.112460658,3.831560034,283.2021669,312.3152062,2.788239617,3.494838741,5.56829099,62175,0.0717,27.63,C,C,1.77839,407.12,LARGE
Suleika (1905 QK),2.712400825,0.235806334,10.2430078,85.18645459,336.9407839,2.072799529,3.352002121,4.467237106,40837,0.2477,5.69,Sl,S,1.09018,53.29,SMALL
Pythia (1897 DO),2.36865592,0.146156338,12.12223089,88.74995129,174.1582106,2.022461846,2.714849995,3.645534137,43329,0.2338,8.252,S,S,1.00665,46.9,SMALL
Atala,3.13710755,0.080779996,12.12480521,39.89780578,59.37311987,2.883692015,3.390523085,5.556512736,41813,0.257,6.246,S,I,1.92246,58.964,SMALL
Brangane (1906 VB),2.587226666,0.220158237,8.599496516,318.4746996,58.39151161,2.017627404,3.156825928,4.161596029,41243,0.096,12.295,K,TSD,1.03284,35.758,SMALL
Irma,2.774364874,0.234236962,1.381173186,347.1038213,38.95708847,2.124506075,3.424223673,4.621187268,43396,0.061,13.856,Ch,C,1.12827,69.049,SMALL
Alauda (1910 KQ),3.192326708,0.017244087,20.60222861,289.7455228,350.7679759,3.13727795,3.247375467,5.703864493,39848,0.061,8.3531,B,C,2.1208,190.98,LARGE
Dido,3.147456337,0.056376372,7.170143732,0.668720586,249.2126046,2.970014168,3.324898507,5.584030393,51067,0.028,5.7366,Xc,C,1.96638,179.008,LARGE
Fides,2.642283306,0.175605168,3.070811194,7.269127306,62.84345783,2.178284701,3.10628191,4.295139499,59849,0.1826,7.3335,S,S,1.19442,108.35,LARGE
Dike,2.665704208,0.195003231,13.84727294,41.52310421,195.6087757,2.145883275,3.18552514,4.352373311,38098,0.065,18.127,Xk,C,1.13799,67.354,SMALL
Sequoia (1928 VB),1.933918964,0.094503517,17.90117882,267.6416641,77.70686752,1.75115682,2.116681107,2.689463226,33105,0.384,3.03784,Xk,E,0.811874,6.692,SMALL
Felicitas,2.696073711,0.298888898,7.842543567,2.800725171,57.45136516,1.890247211,3.501900211,4.426962517,54735,0.056,13.191,Ch,GC,0.915348,82.588,LARGE
Vesta,2.361417896,0.08872146,7.141770812,103.8108044,150.7285413,2.151909454,2.570926338,3.628837138,24288,0.4228,5.34212766,V,V,1.13948,525.4,LARGE
Ampella,2.459168421,0.2269016,9.321124057,268.2600905,89.14961486,1.901179172,3.01715767,3.856475815,44068,0.268,10.379,S,S,0.923875,54.323,SMALL
Dembowska (1892 T),2.922609832,0.091589077,8.246177556,32.3419436,345.7586208,2.654930693,3.19028897,4.99648357,46161,0.384,4.701,R,R,1.65738,139.77,LARGE
Tanina (1916 ZL),2.225774462,0.074927512,3.399608699,101.4088731,111.7862776,2.05900272,2.392546204,3.320702238,41942,0.275,6.94,S,SR,1.05521,13.423,SMALL
Barcelona (1921 JB),2.635655459,0.163120322,32.88942721,318.2862589,161.9735263,2.205726493,3.065584426,4.278988884,34967,0.239,7.36,Sq,S,1.23024,25.618,SMALL
Hedda,2.283614903,0.028948503,3.803286447,29.20564124,194.0498501,2.217507671,2.349722135,3.450980499,50015,0.058,30.098,Ch,C,1.20835,57.88,SMALL
Brunhild,2.694897611,0.120489801,6.41386411,307.7305945,125.776462,2.370189935,3.019605287,4.424066092,53708,0.261,9.873,S,S,1.39196,45.209,SMALL
Rosselia (1934 TA),2.856659933,0.089478657,2.939299041,139.5425882,237.4409584,2.601049839,3.112270027,4.828319688,32829,0.199,8.14,Sa,S,1.60295,20.822,SMALL
Palma (1893 AH),3.150140554,0.258991758,23.82595627,327.3569989,115.5748777,2.334280115,3.966000993,5.591175183,45875,0.059,8.567,B,BFC,1.44687,173.642,LARGE
Nerthus (1906 UN),3.135265879,0.103678985,16.14267983,169.5639783,160.0865217,2.810204696,3.460327063,5.551620444,41178,0.043,13.59,C,X,1.80476,75.535,LARGE
Germania,3.049875422,0.102761153,5.505041521,270.3456212,80.47660197,2.736466706,3.363284138,5.326370255,49111,0.0575,15.51,B,CP,1.73651,168.9,LARGE
Eugenia,2.720882627,0.084438374,6.603526586,147.6084202,88.16801954,2.491135721,2.950629533,4.488207362,55867,0.045,5.699,C,FC,1.4906,202.327,LARGE
Adria,2.760357227,0.074406082,11.44456922,332.9838357,252.3961036,2.55496986,2.965744594,4.586233223,50898,0.044,22.005,Xc,C,1.57591,95.377,LARGE
Belgica (1925 VD),2.23600219,0.143545542,4.697051299,99.57656419,297.9476126,1.915034043,2.556970337,3.343617112,40500,0.301,2.7097,S,S,0.927362,9.785,SMALL
Zeelandia (1934 RW),2.849078761,0.065217036,3.197494882,97.42144771,219.7675518,2.663270289,3.034887234,4.80911193,41568,0.232,15.602,S,S,1.64977,21.441,SMALL
Nemesis,2.749885199,0.127406598,6.245447183,76.24209972,303.742818,2.399531682,3.100238716,4.560159651,53492,0.067,77.81,C,C,1.40859,162.515,LARGE
Tauris (1916 YT),3.153396206,0.307204513,21.82385571,88.78421335,296.6646568,2.184658659,4.122133753,5.599845093,37723,0.054,35.8,C,C,1.27916,102.229,LARGE
Rebekka (1905 RB),2.400130093,0.157620484,10.57900376,194.5621167,191.9357155,2.021820427,2.77843976,3.718436553,41605,0.089,5.6497,C,XDC,1.0259,28.903,SMALL
Luscinia (1911 LS),3.403631887,0.15657125,10.34748192,217.5524417,137.6458997,2.870720987,3.936542786,6.27945681,39568,0.048,9.9143,C,C,1.87691,97.968,LARGE
Libera (1913 TO),2.653594415,0.247338011,14.92813787,218.1877988,227.5850022,1.99725965,3.309929181,4.322749,38614,0.123,5.892,X,X,1.04207,29.322,SMALL
Hilda,3.979617339,0.140235077,7.826107947,228.1466125,38.88490484,3.421535393,4.537699285,7.939079921,45312,0.0618,5.957,X,P,2.41041,170.63,LARGE
Turnera (1929 PL),3.02115403,0.100796382,10.75102849,42.98232427,295.7886687,2.716632635,3.325675425,5.251308154,32888,0.24,12.085,Sq,S,1.72969,34.29,SMALL
Sigrid (1938 QB),2.429922432,0.201136744,2.57715295,330.5627574,1.717392086,1.941175746,2.918669118,3.787885282,40334,0.034,43.296,Xc,F,0.929813,28.905,SMALL
Glauke,2.761785978,0.205392632,4.336077409,120.1104622,84.98538108,2.194535488,3.329036468,4.58979441,46744,0.175,1170,S,S,1.19619,28.981,SMALL
Nansenia (1916 S28),2.312128336,0.105634927,9.215311267,182.8445446,59.64595745,2.067886828,2.556369845,3.515815744,36196,0.051,7.931,Ch,XD,1.0737,27.593,SMALL
Wright (1947 NH),1.70904455,0.110367871,21.41807915,268.3828492,340.3585712,1.520420941,1.897668159,2.234283497,26334,0.2005,5.2896,Sl,AU,0.510856,6.35,SMALL
Brixia (1904 NB),2.740566381,0.281620778,10.59746138,89.64836086,316.0284406,1.968765945,3.512366816,4.536999078,42223,0.073,28.479,Ch,C,0.993845,107.227,LARGE
Sophrosyne,2.562751519,0.116569377,11.60092878,345.9774301,84.52008651,2.264013171,2.861489867,4.102682904,51742,0.0364,17.196,Ch,C,1.31245,108,LARGE
Vera,3.096343736,0.196465365,5.178865262,61.06712813,331.5412507,2.488019436,3.704668037,5.448562703,49108,0.228,14.38,S,S,1.49521,75.949,LARGE
Kalahari (A924 NC),2.855364457,0.144084736,9.96588633,103.8765118,242.0403174,2.443950023,3.266778891,4.825035646,25876,0.065,21.153,L,D,1.45389,34.645,SMALL
Arsinoe (1895 BY),2.594236557,0.198651728,14.10530435,92.59417386,120.5753546,2.078886982,3.109586132,4.178520766,43811,0.037,8.887,Ch,C,1.10866,94.97,LARGE
Clara (1907 ZY),3.197463736,0.122714914,8.149713475,5.747527067,119.3719486,2.805087248,3.589840225,5.717637846,40884,0.1617,8.2308,L,S,1.83185,33.36,SMALL
Aeternitas (1899 ER),2.788538957,0.126776591,10.62230756,42.0844718,278.8767521,2.435017493,3.142060421,4.656646564,43759,0.317,15.7413,A,A,1.45034,53.562,SMALL
Aten (1976 AA),0.966789832,0.182717134,18.93368681,108.6003764,148.0354056,0.790140764,1.143438899,0.950618613,21601,0.26,40.77,Sr,S,0.113146,1.1,SMALL
Lohja (1942 GD),2.421757215,0.196278143,3.302693765,10.92670073,229.5884139,1.946419206,2.897095225,3.768808804,28254,0.281,3.8084,A,A,0.935972,10.218,SMALL
Urda,2.852400704,0.037354397,2.212657605,166.2140504,132.8562333,2.745850996,2.958950412,4.817525307,49350,0.223,13.07,Sk,S,1.73003,39.935,SMALL
Gisela (1893 B),2.194086494,0.149678476,3.384806303,247.2830104,144.6816823,1.865678971,2.522494016,3.25004084,46052,0.195,7.49,Sl,S,0.872211,26.744,SMALL
Honoria,2.797464142,0.190826197,7.694642611,185.8491804,174.6963968,2.263634698,3.331293585,4.679021005,49319,0.156,12.336,L,S,1.25993,77.708,LARGE
Roberta (1892 C),2.474842107,0.172777242,5.101117079,148.4399461,140.0665001,2.047245712,2.902438502,3.893403788,46271,0.049,12.054,B,FP,1.03348,97.109,LARGE
Doris,3.110088095,0.072443887,6.54741666,183.5539793,253.0539188,2.884781226,3.335394964,5.484881365,58146,0.065,11.89,Ch,CG,1.90839,216.473,LARGE
Eukrate,2.740643849,0.245009716,24.95242591,0.060585577,55.38193948,2.069159478,3.412128219,4.537191451,49092,0.064,12.093,Xc,CP,1.15489,130.935,LARGE
Nemausa,2.36583537,0.067559357,9.977178479,175.9784967,2.580537646,2.206001055,2.525669686,3.639024528,56958,0.105,7.783,Ch,CU,1.21015,138.159,LARGE
Parthenope,2.453109376,0.100472272,4.629885838,125.5465868,195.5503938,2.206639904,2.699578848,3.842231878,61699,0.191,13.7204,Sk,S,1.19322,142.887,LARGE
Massalia,2.409781792,0.142066705,0.708751203,206.1089109,256.7731964,2.067432032,2.752131551,3.740888639,59461,0.241,8.098,S,S,1.08461,135.68,LARGE
Alexandra,2.710377899,0.197338954,11.79829754,313.2523821,344.9589216,2.175514761,3.245241038,4.462240497,56810,0.041,7.024,C,C,1.16147,154.137,LARGE
Polyhymnia,2.87345553,0.331346295,1.852843675,8.466365462,338.3718433,1.921346687,3.825564373,4.870964033,59639,0.24,18.608,Sq,S,0.913808,52.929,SMALL
Thyra,2.379582469,0.193102626,11.59296381,308.79566,97.14189804,1.920078845,2.839086093,3.670788338,53383,0.2747,7.241,S,S,0.969638,79.83,LARGE
Erigone,2.367336249,0.191409912,4.814140691,160.0618177,298.6514787,1.914204626,2.820467872,3.642487956,46363,0.027,16.136,Ch,C,0.936616,69.389,SMALL
Geometria (1893 AM),2.288772727,0.172103868,5.432401406,301.9867859,316.7988326,1.894866087,2.682679367,3.462678792,43875,0.321,7.74,Sl,S,0.883498,35.465,SMALL
Ianthe,2.687760366,0.186754373,15.57151841,353.9207068,158.725461,2.185809364,3.189711367,4.406502495,54363,0.029,16.479,Ch,CG,1.20184,132.788,LARGE
Cyane (1895 BX),2.808746772,0.09813677,9.158848974,244.3578096,254.9881815,2.533105435,3.084388109,4.707356413,45375,0.173,12.283,S,S,1.56608,53.574,SMALL
Althaea,2.581258245,0.08045542,5.786176717,203.654022,171.3465661,2.373582028,2.788934462,4.147203885,53819,0.2306,11.484,Sl,S,1.37392,57.3,SMALL
Kythera (1905 QX),3.42175855,0.118542263,1.817006769,223.3642211,160.8501742,3.016135548,3.827381552,6.329687132,41660,0.069,8.12,T,ST,2.01916,87.486,LARGE
Vanadis,2.663769291,0.207570494,2.105523248,115.0691192,300.9987553,2.110849383,3.2166892,4.347635379,49291,0.057,10.64,C,C,1.12324,87.928,LARGE
Garumna,2.722264503,0.16672811,0.86733954,311.8694367,176.2069342,2.268386488,3.176142517,4.491626987,36648,0.242,23.866,Sq,S,1.28384,23.44,SMALL
Iolanda (1903 LR),3.064082396,0.095456504,15.40821033,217.5394214,157.5796952,2.771595802,3.35656899,5.363630626,42375,0.253,12.306,S,S,1.77973,51.892,SMALL
Anacostia (1921 W19),2.738805013,0.203124416,15.90841394,285.8104489,69.98025916,2.182486844,3.295123182,4.532625872,32898,0.229,20.117,L,SU,1.23211,74.679,LARGE
Hungaria (1898 DR),1.944104209,0.073742397,22.50883957,175.3209546,124.031963,1.800741305,2.087467113,2.710737808,44070,0.726,26.521,Xe,E,0.833343,8.934,SMALL
Andromache,3.182769242,0.23306463,3.218737088,21.3373656,320.2304055,2.440978305,3.924560179,5.678268583,51716,0.094,8.324,Cg,C,1.43308,94.532,LARGE
Ceres,2.769165155,0.076009029,10.59406704,80.30553157,73.59769412,2.5586836,2.979646709,4.608201802,8822,0.09,9.07417,C,G,1.59478,939.4,LARGE
Klytaemnestra,2.976110849,0.111457967,7.820759663,251.8829484,103.307387,2.644399584,3.307822114,5.134307278,44018,0.198,11.173,Sk,S,1.65329,69.946,SMALL
Iphigenia,2.433981119,0.127700984,2.599053276,323.4144081,17.30026913,2.123159335,2.744802903,3.797379571,54221,0.042,31.466,Ch,DCX,1.11377,69.818,SMALL
Ariadne,2.203475093,0.168321879,3.471397138,264.8102007,16.27152565,1.832582025,2.574368161,3.270923756,56486,0.234,5.76218,Sk,S,0.81586,71.34,SMALL
Messalina (1904 OY),3.202996246,0.169645376,11.20185527,333.6160191,330.8662616,2.659622743,3.74636975,5.732483942,41830,0.041,7.2,Cb,CD,1.65067,112.631,LARGE
Leukothea,2.994071835,0.225588162,7.932713103,353.7389409,213.3967316,2.318644673,3.669498998,5.180856057,58229,0.066,31.9,C,C,1.31998,103.055,LARGE
Eliane (1933 FL),2.616751135,0.172768936,14.46896305,132.0094459,164.7710957,2.164657826,3.068844444,4.233034754,31554,0.149,106,S,S,1.15143,19.467,SMALL
Ganymed (1924 TD),2.664145333,0.533234731,26.68761299,215.5575047,132.3963556,1.243530512,4.084760154,4.348556039,34631,0.238,10.297,S,S,0.343497,37.675,SMALL
Laurentia,3.016771819,0.180768593,6.091204383,35.48889147,116.0382607,2.471434223,3.562109414,5.239886692,42872,0.051,11.8686,Ch,STU,1.48985,97.021,LARGE
Vernadskij (1978 QW2),2.428773257,0.180429612,2.474094771,357.2161021,348.3874937,1.99055064,2.866995874,3.785198511,25327,0.037,7.919,B,BFX,0.982494,12.014,SMALL
Centesima (1903 LY),3.013883468,0.083894654,9.732480814,184.4470589,226.0420993,2.761034758,3.266732178,5.232363249,42367,0.089,5.23,K,S,1.77973,48.805,SMALL
Francette (1931 XC),3.951409295,0.190826296,7.590819148,149.5588971,348.3013847,3.197376497,4.705442093,7.854819831,31937,0.046,22.433,X,P,2.2118,76.395,LARGE
Thule,4.283402229,0.04013378,2.335777723,71.96663026,23.16865387,4.111493108,4.45531135,8.865260259,47005,0.0412,23.896,X,D,3.12849,126.59,LARGE
Olga,2.403604099,0.221607224,15.84561971,159.0305987,172.2867179,1.870948067,2.936260131,3.726512705,46925,0.047,18.36,Xc,C,0.861074,65.99,SMALL
Istria,2.790981914,0.350495625,26.38797252,141.9401491,264.1196249,1.812754963,3.769208864,4.662767229,41452,0.227,11.77,S,S,1.00951,32.927,SMALL
Toni (1919 GC),2.94143674,0.153509741,8.981544226,150.2235188,219.6112029,2.489897547,3.392975932,5.044840863,41485,0.0432,19.437,X,CX,1.49522,85.49,LARGE
Hedwig (1901 GQ),2.650767958,0.072485601,10.92618377,286.3415554,0.897329736,2.458625451,2.842910466,4.315844322,42971,0.035,27.33,X,P,1.4416,138.493,LARGE
Flammario (1924 RG),2.736281385,0.285455523,15.87074611,115.4377064,286.908693,1.955194752,3.517368018,4.526362543,34325,0.045,12.16,B,F,1.03017,100.765,LARGE
Polana,2.418900608,0.135215503,2.239119873,291.2201325,292.0148857,2.091827747,2.745973469,3.762142468,44342,0.047,9.764,B,F,1.08429,54.812,SMALL
Gallia,2.771509056,0.187050999,25.28888441,145.0073662,252.759478,2.253095518,3.289922594,4.614053812,51194,0.164,20.664,S,GU,1.37349,97.75,LARGE
Astraea,2.574248919,0.191094519,5.366987944,141.5766042,358.6876078,2.08232406,3.066173778,4.130322954,63431,0.274,16.806,S,S,1.09589,106.699,LARGE
Budrosa (1892 F),2.911311155,0.022217237,6.050031771,287.4230345,110.117441,2.846629865,2.975992444,4.967537323,46248,0.276,4.6084,Xk,M,1.86007,50.506,SMALL
Elpis,2.711836158,0.119291449,8.641685581,170.0264279,211.082394,2.388337294,3.035335022,4.465842196,57008,0.044,13.671,B,CP,1.39378,165.119,LARGE
Aglaja,2.881429415,0.129807267,4.975207886,3.081372987,314.6872969,2.507398936,3.255459894,4.891253597,58251,0.082,13.178,B,C,1.49661,168.174,LARGE
Alphonsina (1920 GM),2.702292159,0.079147276,21.08433209,299.5390685,202.0828625,2.488413095,2.916171224,4.442287416,42901,0.248,7.88,S,S,1.51095,57.505,SMALL
Iris,2.385333814,0.231205792,5.523651387,259.5632307,145.2651058,1.833830821,2.936836807,3.684104574,62452,0.2766,7.139,S,S,0.8461,199.83,LARGE
Amalthea,2.375661941,0.086922815,5.042972118,123.4516239,78.70826107,2.169162717,2.582161166,3.661720257,54214,0.224,9.95,S,S,1.17311,50.137,SMALL
Maja,2.646063567,0.172940539,3.045598953,7.50373979,43.98524876,2.188451907,3.103675227,4.30436025,57704,0.0618,9.73509,Ch,C,1.1999,71.82,SMALL
Misa (1905 QT),2.657419587,0.181247604,1.291435582,301.6872241,142.7757165,2.175768655,3.13907052,4.332099271,40054,0.0297,11.595,Cg,C,1.19204,72.95,LARGE
Angelina,2.681124846,0.125529427,1.309694153,309.1174768,178.8060575,2.344564781,3.01768491,4.390194468,57770,0.483,8.752,Xe,E,1.36002,58.292,SMALL
Artemis,2.373917361,0.177378504,21.44015559,188.2573466,57.03037251,1.952835452,2.79499927,3.65768749,42059,0.016,37.15506,Ch,C,1.01144,112.326,LARGE
Pax (1909 FY),2.588806476,0.309502086,24.39667458,112.125665,266.8722002,1.787565471,3.390047482,4.165408336,40380,0.11,8.452,K,I,0.962939,63.909,SMALL
Siegena (1894 AY),2.899545276,0.16874655,20.20969697,166.676968,220.3548486,2.410257014,3.388833537,4.93745379,45820,0.0692,9.763,C,C,1.44016,165.01,LARGE
Berenike (1907 BK),3.014321352,0.03960317,11.29158199,132.8484286,56.94495196,2.89494467,3.133698035,5.233503599,46137,0.085,12.4886,K,S,1.91635,49.793,SMALL
Georgia (1893 M),2.727222199,0.157433199,6.771862545,6.058243946,338.34423,2.297866883,3.156577515,4.50390257,42801,0.2621,5.537,X,CX,1.29141,43.89,SMALL
Lachesis,3.119512825,0.052227612,6.96164506,341.1739908,233.6346942,2.956588119,3.282437532,5.509832108,53686,0.058,46.551,C,C,1.95778,155.132,LARGE
Leda,2.739454926,0.154982525,6.970974749,295.720019,169.3124261,2.314887286,3.164022567,4.534239344,59638,0.055,12.838,Cgh,C,1.33232,92.255,LARGE
Hermione,3.451838969,0.131877319,7.597630696,73.12248427,297.9514819,2.996619698,3.907058239,6.413335995,53761,0.0482,5.55128,Ch,C,2.00636,209,LARGE
Hebe,2.42515999,0.203007109,14.7379011,138.6402028,239.8074902,1.93283527,2.917484709,3.776754838,62329,0.2679,7.2745,S,S,0.973965,185.18,LARGE
Christa (1924 QF),3.204708458,0.087481546,9.446387733,120.1505175,286.6410129,2.924355608,3.485061308,5.737081138,34892,0.048,11.23,Xc,C,1.95242,82.35,LARGE
Urania,2.365572137,0.127581,2.095743731,307.4686116,87.42620759,2.063770078,2.667374196,3.638417204,58087,0.192,13.686,Sl,S,1.0709,92.787,LARGE
Charybdis (1894 BA),3.003486445,0.065556026,6.446024191,354.2641546,332.6177201,2.80658981,3.20038308,5.205311414,45718,0.042,9.516,C,C,1.7964,125.754,LARGE
Iduna,3.181049532,0.170596918,22.67339465,200.4973042,188.5533956,2.638372285,3.723726778,5.673667091,51806,0.106,11.2877,Ch,G,1.64352,106.976,LARGE
Lampetia (1894 BG),2.77910151,0.330378967,14.87763633,212.4447138,90.6513723,1.860944824,3.697258195,4.633026854,42335,0.022,38.455,Xc,C,0.916795,96.89,LARGE
Antigone,2.868588387,0.212034728,12.26563052,135.6782803,111.2425859,2.26034803,3.476828744,4.858593403,42344,0.151,4.9572,X,M,1.28046,113,LARGE
Athalia (1903 ME),3.119868676,0.175392724,2.038494149,121.093737,300.332364,2.572666409,3.667070943,5.510774916,42331,0.039,10.636,Cb,I,1.58602,41.19,SMALL
Appenzella (1965 SA),2.449873006,0.179095133,3.254658282,12.35742145,20.14870804,2.011112675,2.888633337,3.834630842,28105,0.032,5.1839,C,F,1.0167,20.221,SMALL
Nanon (1905 QD),2.711723555,0.065787067,9.301365436,112.0682084,128.5033509,2.533327216,2.890119893,4.465564047,41803,0.05,10.059,Xk,C,1.53101,79.82,LARGE
Lumen,2.664283192,0.214850231,11.89775268,318.4958591,57.947417,2.091861333,3.236705051,4.348893574,51764,0.067,19.87,Ch,CPF,1.11774,117.916,LARGE
Nenetta,2.875996949,0.201247761,6.678775286,181.9524619,190.3378741,2.297209002,3.454784895,4.877427625,42748,0.889,6.902,A,A,1.29688,37.586,SMALL
Megaira (1901 FV),2.800234947,0.205535878,10.17000774,102.3661997,258.2826499,2.224686199,3.375783694,4.685974373,43220,0.045,12.726,C,FXU,1.24714,77.056,LARGE
Boliviana (1911 LO),2.574431174,0.187019284,12.76498779,230.8202509,181.4830564,2.0929629,3.055899449,4.130761598,39500,0.038,11.7426,X,C,1.10352,112.818,LARGE
Unitas,2.357924744,0.15079186,7.277329949,141.8654756,167.7898875,2.002368887,2.713480601,3.620788124,46809,0.201,8.736,S,S,0.98785,47.2,SMALL
Magellan (1985 DO2),1.82028778,0.326178853,23.25238269,164.8345161,154.3792142,1.2265484,2.41402716,2.455942998,12509,0.31,7.475,V,V,0.239016,2.49,SMALL
Camilla,3.491538544,0.065376898,9.999895107,172.5968079,306.5943524,3.263272586,3.719804503,6.524293102,54913,0.059,4.844,X,C,2.29158,254,LARGE
Burgundia (1893 AK),2.780097674,0.079668187,8.993765426,219.0158602,25.3383735,2.558612333,3.001583016,4.635518129,42269,0.3014,6.972,S,S,1.5492,44.67,SMALL
Vala,2.432107243,0.067523295,4.961348774,65.66034525,160.4478433,2.267883348,2.596331137,3.792995119,53226,0.246,5.1812,Xc,SU,1.2585,31.337,SMALL
Ostro (1981 LA),1.891867903,0.066816924,24.90716511,96.37205657,32.46101423,1.765459109,2.018276698,2.602222431,23873,0.96,6.503,Xe,TS,0.79621,4.662,SMALL
Holmia (1893 AP),2.776387093,0.130224869,7.006095037,232.4504031,157.5831962,2.414832449,3.137941738,4.626240726,45744,0.339,4.45,S,S,1.42166,27.831,SMALL
Aegina,2.592223971,0.105678114,2.103166381,10.58637932,73.45950267,2.318282632,2.866165311,4.173659219,55800,0.048,6.025,Ch,CP,1.33535,103.402,LARGE
Ivar (1929 SH),1.863481493,0.39661326,8.450367747,133.1221751,167.7698096,1.124400023,2.602562963,2.543875357,32912,0.15,4.795,S,S,0.11161,9.12,SMALL
Crimea (1929 YC),2.771547952,0.112628006,14.13591059,72.14033679,309.9918549,2.459394033,3.083701872,4.614150946,30870,0.16,9.77,S,S,1.4894,29.179,SMALL
Euterpe,2.346664413,0.173225845,1.583713718,94.78795695,356.4498658,1.940161487,2.753167339,3.594882363,60345,0.215,10.4082,S,S,0.956809,96,LARGE
Charis (1907 XS),2.900852473,0.058166675,6.472462508,142.4725587,177.0203535,2.73211953,3.069585415,4.940793082,41078,0.047,27.888,X,XB,1.7182,38.018,SMALL
Alkmene,2.762901332,0.220085733,2.82641181,25.44858368,111.2202279,2.154826166,3.370976497,4.59257509,56507,0.167,12.999,Sq,S,1.17092,57.621,SMALL
Aspasia (1895 CE),2.575545296,0.072590877,11.26815215,242.1528123,353.2236543,2.388584205,2.762506387,4.133443356,45178,0.054,9.022,Xc,CX,1.37686,171.012,LARGE
Riga (1966 KB),3.357502475,0.05648525,22.57945971,186.7195667,26.00317686,3.167853108,3.547151841,6.152232144,25021,0.044,22.226,Cb,XFCU,2.17621,68.167,SMALL
Malabar (1906 UT),2.988138239,0.049329458,24.53604061,179.9521092,303.5841057,2.840734999,3.135541479,5.165462704,43044,0.042,11.74,Ch,XC,1.89102,94.522,LARGE
Aegle,3.050889461,0.140596567,15.97316728,321.497057,208.7460968,2.621944876,3.479834046,5.329026885,55335,0.048,13.868,T,T,1.64137,177.774,LARGE
Stearns (1973 SC),1.883901413,0.131561057,27.75208956,77.03567028,200.7360502,1.636053352,2.131749474,2.585803149,16766,0.649,93,Xe,E,0.629586,4.824,SMALL
Eleonora (1893 A),2.798632549,0.114052816,18.3992883,140.3528242,5.56265887,2.479440626,3.117824472,4.681952717,46105,0.201,4.277,Sl,S,1.4929,148.97,LARGE
Hecuba,3.236576264,0.055475088,4.220482269,349.9860672,205.5650273,3.057026912,3.416125615,5.822868327,50873,0.148,14.256,Sl,S,2.05678,75.498,LARGE
Isis,2.441703519,0.222823152,8.514622308,84.19733428,237.305438,1.897635444,2.985771594,3.815466071,59493,0.139,13.59,L,S,0.899544,110.997,LARGE
Taurinensis (1903 LV),2.189040288,0.254447195,8.747156636,107.035564,249.2788306,1.632045127,2.746035449,3.238835077,40305,0.1772,5.585,S,S,0.651093,23.09,SMALL
Dolores (1933 HA),2.700518062,0.237181015,6.968628968,247.0391376,47.0877798,2.060006446,3.341029677,4.437913486,31292,0.063,17.19,Cb,C,1.05075,32.587,SMALL
Arduina (1894 BH),2.763996083,0.226718501,6.219632025,66.90747964,271.1815857,2.137347034,3.390645132,4.595304951,45423,0.294,16.53,S,S,1.13859,29.97,SMALL
Lacrimosa,2.892140981,0.012277074,1.745380803,4.240098331,107.931141,2.856633951,2.927648011,4.918553406,43176,0.206,14.085,Sk,S,1.87387,40.056,SMALL
Lacadiera (1892 D),2.251446036,0.095491003,5.653639987,235.0379508,31.405689,2.036453196,2.466438875,3.378317907,46254,0.044,13.7,Xk,D,1.0228,67.513,SMALL
Siwa,2.733948257,0.214070962,3.18541794,107.1799203,196.7298818,2.148689325,3.319207189,4.520574578,52027,0.0676,34.445,Xc,P,1.1329,109.79,LARGE
Pomona,2.588507764,0.080901389,5.523952791,220.4415627,339.5357809,2.379093891,2.797921637,4.164687411,56838,0.2564,9.448,S,S,1.37704,80.76,LARGE
Ursula (1893 AL),3.127897915,0.105379732,15.92968633,336.5006976,341.4626032,2.79828087,3.457514959,5.532062247,45973,0.042,16.899,Xc,C,1.78953,216,LARGE
Apollo (1932 HA),1.470045105,0.559823398,6.355123008,35.63054465,285.9707515,0.64707946,2.293010751,1.782395976,32277,0.25,3.065,Q,Q,0.0259212,1.5,SMALL
Daedalus (1971 FA),1.461087899,0.614376088,22.20872477,6.633243473,325.6260409,0.563430431,2.358745367,1.766130205,17755,0.273,8.572,Sr,SQ,0.269151,3.7,SMALL
Pales,3.105045615,0.222067022,3.195215221,285.0858159,112.2986827,2.415517381,3.794573849,5.471547568,56886,0.048,20.705,Ch,CG,1.42463,166.252,LARGE
Comas Sola (1929,2.779324143,0.235448459,9.601126486,111.133559,323.4849249,2.124936557,3.43371173,4.633583593,43019,0.045,20.456,B,XFU,1.14865,35.943,SMALL
Fanny (1916 ZC),2.771188409,0.21257741,5.399758534,209.7548084,32.81641675,2.182096353,3.360280465,4.613253107,37755,0.025,5.44,Ch,C,1.17175,28.856,SMALL
Montana (1914 VR),2.534616976,0.06094189,4.513027654,238.3260503,354.5736914,2.380152627,2.689081326,4.035308213,44104,0.287,4.5463,S,S,1.36883,21.197,SMALL
Eunomia,2.644100304,0.186084362,11.75242982,292.9343387,98.49868084,2.152074586,3.136126023,4.299570669,61247,0.248,6.083,S,S,1.19485,231.689,LARGE
Ismene,3.985505453,0.166422578,6.177402734,175.455997,271.2188038,3.32222736,4.648783545,7.956706046,45570,0.066,6.52,X,P,2.34662,159,LARGE
Nassovia (1904 OA),2.883532787,0.058547799,3.275142538,94.09258794,338.9995173,2.714708289,3.052357285,4.896610315,42123,0.213,9.382,Sq,S,1.72963,32.333,SMALL
Eurynome,2.446712334,0.189961407,4.613126822,206.5830756,201.1851897,1.981931415,2.911493252,3.827212436,56932,0.287,5.978,S,S,0.99198,63.479,SMALL
Aurora,3.156538543,0.093944768,7.970755524,2.574732729,60.4684185,2.859998263,3.453078823,5.608217487,53713,0.0395,7.22,C,CP,1.88276,204.89,LARGE
Phocaea,2.400160565,0.254613898,21.60484031,214.1306087,90.26321459,1.789046327,3.011274804,3.718507367,58150,0.35,9.9341,S,S,0.923495,61.054,SMALL
Hersilia,2.741163845,0.038191,3.778693034,145.0497112,302.5465444,2.636476056,2.845851633,4.538482808,51081,0.057,11.122,C,C,1.65529,113,LARGE
Kartvelia (1914 UF),3.217018741,0.116866461,19.15550751,138.087183,156.0956249,2.841057147,3.592980335,5.770169737,34052,0.048,19.04,Xc,CPU,1.83428,72.927,LARGE
Emita (1902 HP),2.7405136,0.157416401,9.844594495,66.7413258,349.643421,2.309111813,3.171915387,4.536868011,42925,0.032,14.412,Ch,C,1.32166,121.552,LARGE
Geographos (1951 RA),1.245302339,0.335440517,13.33734799,337.1954002,276.915035,0.827577479,1.663027198,1.389697921,24903,0.29,5.22204,S,S,0.0298285,2.56,SMALL
Victoria,2.334315086,0.220171581,8.373074237,235.4101683,69.64182011,1.820365243,2.84826493,3.566542615,61581,0.163,8.6599,L,S,0.824953,115.087,LARGE
Eurydike,2.674602632,0.303691881,4.991337846,359.3525319,339.2768406,1.862347527,3.486857737,4.374184564,56708,0.117,5.357,Xk,M,0.853735,62.377,SMALL
Hercynia (1900 FK),2.992953327,0.241691733,12.65385536,134.1399782,277.1629609,2.269581252,3.716325403,5.177953177,43433,0.191,21.806,L,S,1.32145,36.698,SMALL
Cyrene,3.063879244,0.135492255,7.213056375,319.019941,290.0113214,2.648747336,3.479011151,5.363097211,53328,0.279,12.708,S,SR,1.64564,72.175,LARGE
Harmonia,2.267246519,0.04702133,4.257400417,94.18886002,269.7316159,2.160637572,2.373855467,3.413943411,56470,0.22,8.91,S,S,1.16159,111.251,LARGE
Nikko (1927 WC),2.237153948,0.105697725,5.701420232,71.90230301,1.836707199,2.000691865,2.473616032,3.346200876,32377,0.37,3.79,S,S,1.01535,8.347,SMALL
Kalliope,2.914849074,0.097676889,13.71531205,66.05276971,356.0820817,2.630135684,3.199562465,4.976595142,60393,0.166,4.1483,X,M,1.64321,167.536,LARGE
Luisa (1906 UJ),2.77385779,0.291831489,16.70761941,44.18080228,294.2697182,1.96435874,3.58335684,4.619920372,41278,0.115,9.566,K,S,1.02142,70.249,SMALL
Hedera (1933 BE),2.715718161,0.157837388,6.049873756,140.6459226,217.3552663,2.287076299,3.144360024,4.475434931,38082,0.636,19.9,X,E,1.28529,13.239,SMALL
Virginia,2.648793849,0.285985529,2.838219801,173.5287309,200.0805719,1.89127714,3.406310558,4.311024004,59008,0.05,14.315,Ch,X,0.891422,84.074,LARGE
Thia (1895 BZ),2.585483566,0.242532617,11.94163463,255.230746,308.9823523,1.958419472,3.212547661,4.15739103,43888,0.061,10.08,Ch,C,0.977069,108.894,LARGE
Nuwa,2.983200869,0.123166297,2.201283037,206.1452243,153.3872713,2.615771065,3.350630673,5.152665473,43831,0.052,8.1347,Cb,CX,1.61167,119.128,LARGE
Freia,3.412680486,0.165828749,2.121739648,204.303876,252.4037878,2.846759951,3.978601022,6.304514473,56747,0.058,9.973,X,P,1.86461,145.423,LARGE
Benkoela (1917 BH),3.202592437,0.029158001,25.41381887,116.9259487,96.95759046,3.109211242,3.295973632,5.731399914,37314,0.29,8.2,A,A,2.15713,38.724,SMALL
Isabella,2.722062614,0.123634824,5.259841107,32.58102677,14.91173911,2.385520882,3.058604345,4.491127333,48997,0.0436,6.672,Cb,CF,1.39508,86.65,LARGE
Gerda,3.224719234,0.031700159,1.640270992,178.12936,321.7146919,3.122495121,3.326943346,5.790899984,53609,0.297,10.685,L,ST,2.13584,70.676,SMALL
Edburga (1896 CL),2.585541898,0.341264698,18.72616792,103.7147807,252.7869511,1.703187723,3.467896074,4.157531726,37443,0.129,15.773,X,M,0.795395,34.242,SMALL
Patry (1942 KA),2.234426947,0.129770494,4.940006559,74.66835926,196.5951939,1.944464258,2.524389636,3.340084412,28217,0.366,5.92,Sl,S,0.928451,7.548,SMALL
Dynamene,2.740229644,0.13189259,6.892692637,324.3129648,86.18938646,2.378813659,3.101645629,4.536162903,51151,0.053,37.394,Ch,C,1.40089,128.301,LARGE
Rarahu (1929 NA),3.016819112,0.108361181,10.82852872,145.3856368,175.2942845,2.689913031,3.343725193,5.24000991,32908,0.064,6.5447,K,S,1.67656,27.512,SMALL
Una,2.727733591,0.066975169,3.823882091,8.599983549,52.36198779,2.545043173,2.910424009,4.505169447,44287,0.0625,11.033,C,CX,1.55919,81.24,LARGE
Ausonia,2.395430898,0.126905511,5.775580893,337.7332923,295.9440817,2.091437516,2.699424281,3.707521456,57880,0.125,9.298,Sa,S,1.08249,116.044,LARGE
Bellona,2.77576593,0.151862613,9.429548932,144.2961697,344.1009091,2.354230863,3.197300998,4.624688265,59495,0.1763,15.706,S,S,1.37086,120.9,LARGE
Kilia (1901 GJ),2.405197289,0.094003255,7.226291596,173.2339714,47.24118156,2.179100915,2.631293662,3.730218406,43084,0.148,290,S,S,1.17956,27.75,SMALL
Hypatia,2.907010894,0.089580528,12.41114426,183.8817881,210.7422931,2.646599324,3.167422465,4.95653516,46343,0.039,8.8749,Ch,C,1.65788,155.659,LARGE
Gryphia (1902 KH),2.198598381,0.079486218,3.791419653,207.593242,259.0049692,2.023840111,2.373356652,3.260070997,42668,0.193,1072,S,S,1.04487,14.403,SMALL
Hesperia,2.976722487,0.170327335,8.591269314,184.9969793,289.1865931,2.469705279,3.483739695,5.135890132,57815,0.1402,5.655,X,M,1.50235,138.13,LARGE
Mayall (1975 RA),1.887359397,0.111018933,33.99069514,306.0344941,38.43575144,1.677826771,2.096892023,2.592925948,16057,0.244,2.5678,S,S,0.693575,8.252,SMALL
Roxane,2.286650306,0.0850737,1.765678387,151.351714,186.7279625,2.092116503,2.481184109,3.457863399,46730,0.926,8.169,Xe,E,1.08181,18.648,SMALL
Phaeo,2.780799918,0.246154686,8.054398749,252.3646226,114.9328926,2.096292986,3.46530685,4.637274615,46644,0.089,17.5845,X,X,1.11016,69.855,SMALL
Einstein (1973 EB),1.933539293,0.098712356,22.68111358,357.0752511,217.863008,1.742675073,2.124403512,2.688671263,16830,0.81,5.487,Xe,X,0.767434,3.975,SMALL
Cetacea (1977 VF),2.533757628,0.156317579,15.3783635,102.689312,287.066684,2.137686769,2.929828486,4.033256161,25377,0.276,39.12,Sq,S,1.20081,16.123,SMALL
Sappho,2.295864535,0.200032484,8.675456519,218.6962037,139.6536724,1.836617048,2.755112022,3.47878502,56098,0.206,14.03,S,S,0.842872,68.563,SMALL
Thetis,2.470354085,0.133031598,5.591204766,125.5529437,136.2082517,2.141718935,2.798989236,3.882817805,61117,0.193,12.27048,Sl,S,1.12981,84.899,LARGE
Sarita (1914 VH),2.633740838,0.320324924,19.05294647,33.18750189,329.5961935,1.790088004,3.477393672,4.274327148,38194,0.209,8.1755,X,XD,0.811397,43.58,SMALL
Themis,3.136171315,0.124742775,0.751587935,35.92589903,106.957169,2.744956601,3.527386028,5.554025502,60645,0.067,8.374,B,C,1.75813,198,LARGE
Amherstia (1903 MG),2.681776412,0.272002416,12.95697091,328.8061707,258.1279493,1.952326749,3.411226076,4.391794922,42173,0.202,7.4842,X,M,0.992689,65.144,SMALL
Aethra,2.608115354,0.38971054,24.99469313,258.3926161,255.1993494,1.59170531,3.624525398,4.212097311,53391,0.199,5.1684,Xe,M,0.772763,42.87,SMALL
Ophelia,3.12891885,0.132306722,2.546754598,100.4774514,56.12841126,2.714941852,3.542895847,5.534770936,45591,0.076,6.66535,C,C,1.72612,130.808,LARGE
Theresia,2.794518041,0.171430993,2.708541444,276.0376892,147.9248995,2.315451039,3.273585044,4.671631508,43866,0.171,10.702,S,S,1.32911,28.34,SMALL
Echo,2.392299537,0.184554345,3.600353945,191.5523592,271.2147491,1.950790263,2.833808812,3.700253999,57937,0.373,25.208,S,S,0.971724,43.218,SMALL
Proserpina,2.654330893,0.090144874,3.563412996,45.77798089,193.4497991,2.415056568,2.893605218,4.324548727,57907,0.1966,13.11,S,S,1.40287,94.8,LARGE
Florentina,2.885377376,0.046660537,2.587287566,40.2245869,36.24914657,2.750744118,3.020010634,4.901309591,46234,0.425,2.871,S,S,1.76614,27.974,SMALL
Menippe,2.761107146,0.179089651,11.70476642,240.8981545,70.14055434,2.266621429,3.255592862,4.588102294,40286,0.242,11.98,S,S,1.28314,35.752,SMALL
Thekla (1906 TC),3.045642509,0.061558552,1.628042996,228.4105125,252.8778061,2.858157168,3.233127851,5.315285423,41482,0.04,13.67,Ch,C,1.87488,95.203,LARGE
Varsavia (1933 FF),2.665392304,0.188690769,29.26823239,158.4746865,287.3568155,2.16245738,3.168327228,4.351609452,31386,0.0459,7.1639,Xc,X,1.32026,49.29,SMALL
Alikoski (1941 HN),3.211960771,0.082995088,17.27810015,51.45403429,110.8241417,2.945383803,3.478537739,5.756566829,29531,0.059,16.405,C,PU,2.00021,69.242,SMALL
Bathilde (1898 ED),2.806762588,0.080106251,8.159243926,253.5269474,202.893438,2.581923359,3.031601818,4.702369166,44083,0.204,10.446,Xk,M,1.60079,65.131,SMALL
Celestia (1933 DG),2.694271713,0.20758001,33.83855636,140.9097659,63.58881845,2.134994763,3.253548663,4.422524928,31550,0.215,10.636,S,S,1.27527,19.037,SMALL
Edisona (1913 QU),3.013302878,0.117603277,11.21826318,64.21608397,283.7031886,2.658928584,3.367677172,5.230851391,38894,0.121,18.52,K,S,1.68078,47.087,SMALL
Chloe (1895 BW),2.558791205,0.111908515,11.83123003,129.3421125,17.71094163,2.272440683,2.845141728,4.09317654,45438,0.164,10.664,K,S,1.28817,55.421,SMALL
Belisana,2.460885294,0.043270746,1.893839556,51.10412609,211.6764474,2.354400952,2.567369635,3.860515128,48831,0.2438,12.323,S,S,1.33862,35.81,SMALL
Amphitrite,2.554113563,0.072695536,6.082523344,356.3417672,63.36324048,2.368440909,2.739786216,4.081957767,59923,0.216,5.3921,S,S,1.3871,189.559,LARGE
Helena,2.583800893,0.140233085,10.1944726,343.3897137,348.3528839,2.221466522,2.946135264,4.153333148,54095,0.1898,23.08,S,S,1.21145,65.84,SMALL
Photographica (1899 EF),2.215192326,0.040800516,4.234976603,175.417428,349.4168906,2.124811337,2.305573316,3.297048682,44006,0.21,19.795,Sl,S,1.13169,25.504,SMALL
Kassandra,2.678568837,0.135361301,4.935770918,164.2032977,352.5416515,2.315994275,3.041143398,4.383917978,42721,0.089,10.7431,Xk,T,1.32601,94.178,LARGE
Latvia (1933 OP),2.645028762,0.171235791,10.88566571,302.7152977,115.3515886,2.192105171,3.097952353,4.301835514,31436,0.069,9.55,L,T,1.23005,41.128,SMALL
Eucharis,3.125567381,0.206253122,18.88803842,143.0211928,318.8889894,2.48090935,3.770225412,5.525880655,46380,0.101,52.23,Xk,S,1.52686,115.383,LARGE
Semiramis (1906 SY),2.373760012,0.233470854,10.72379873,282.035254,85.45546631,1.819556236,2.927963789,3.657323838,41390,0.1987,5.068,Sl,S,0.854859,54.01,SMALL
Ino,2.74325301,0.208698771,14.19554572,148.1742232,228.8737439,2.170739479,3.315766542,4.543672273,51191,0.096,6.15,Xk,C,1.19637,125.821,LARGE
Julia,2.550012155,0.184748053,16.1296026,311.549385,45.38137415,2.078902375,3.021121935,4.072129475,55791,0.189,11.387,K,S,1.10012,145.483,LARGE
Panopaea,2.615909299,0.180426174,11.59491855,47.69627906,255.389355,2.143930792,3.087887807,4.230992202,55850,0.038,15.8052,Ch,C,1.1631,127.911,LARGE
Ida,2.860693083,0.04299575,1.130194094,323.6345303,114.1360312,2.737695439,2.983690726,4.838548527,49157,0.262,4.634,S,S,1.75309,32,SMALL
Amalia,2.358235276,0.222112557,8.057572907,233.7120223,58.06386898,1.834441608,2.882028943,3.621503419,45931,0.0602,8.545,Ch,CX,0.832825,52.95,SMALL
Tynka (1925 WG),2.198868322,0.208159077,5.277226044,147.1324611,176.507651,1.741153923,2.656582722,3.260671416,42685,0.169,11.893,S,S,0.728105,13.479,SMALL
Nysa,2.423451099,0.14792291,3.706552417,131.5475633,343.3326645,2.06496716,2.781935037,3.772763601,56780,0.482,6.422,Xc,E,1.08194,70.64,SMALL
Polyxo,2.749537086,0.040542223,4.360811435,181.721202,114.5814899,2.638064742,2.861009431,4.55929376,46884,0.047,12.029,T,T,1.62539,128.578,LARGE
Pandora,2.759834767,0.142968706,7.180069492,10.38135663,5.370131629,2.365264762,3.154404772,4.584931211,56886,0.204,4.804,X,M,1.36566,84.794,LARGE
Elsa,2.415649162,0.186269328,2.005404692,107.184515,310.8520592,1.965687817,2.865610507,3.754559504,42119,0.196,80.088,S,S,0.97826,39.52,SMALL
Italia (1901 GR),2.415682815,0.187724143,5.287415632,10.66570691,322.6637774,1.962200829,2.869164802,3.754637963,42988,0.246,19.413,S,S,0.954584,22.988,SMALL
Grubba (1925 MA),2.196208493,0.187736572,3.693135719,221.7460776,94.4305075,1.783899839,2.608517147,3.254756869,41183,0.201,46.3,S,S,0.774312,11.91,SMALL
Johanna,2.755449786,0.066893199,8.244857696,31.15550354,93.7235843,2.571128935,2.939770638,4.574008359,37212,0.042,12.7988,Ch,CX,1.60307,122,LARGE
Bohlinia (1911 MW),2.886061022,0.018749894,2.354189501,35.69262996,113.4902088,2.831947685,2.94017436,4.903051631,45824,0.2029,8.919,Sq,S,1.84292,33.73,SMALL
Beatrix,2.432320402,0.081521396,4.963962317,27.73796132,168.502485,2.234034248,2.630606555,3.793493778,56348,0.05,10.16,X,X,1.23261,110.503,LARGE
Prymno,2.331833577,0.088878193,3.635933841,96.62987051,65.79299121,2.124584423,2.53908273,3.560856969,37200,0.137,8.002,X,B,1.13623,50.011,SMALL
Lutetia,2.434958098,0.163356103,3.064054861,80.86581221,249.9169213,2.037192832,2.832723363,3.799666154,55915,0.2212,8.1655,Xk,M,1.02791,95.76,LARGE
Europa,3.09309139,0.11036926,7.478751879,128.6061595,343.5585228,2.751709183,3.434473597,5.439980343,58012,0.057,5.6304,C,CF,1.76943,303.918,LARGE
Toro (1948 OA),1.367431915,0.436061382,9.383416689,274.2458433,127.2205979,0.771147664,1.963716166,1.599067402,25900,0.31,10.1995,S,S,0.0507259,3.4,SMALL
Euphrosyne,3.155402311,0.220857011,26.30334546,31.11858135,61.47037758,2.458509589,3.852295033,5.605189646,58007,0.053,5.53,Cb,C,1.56992,267.08,LARGE
Coelestina,2.763297121,0.071107416,9.747882129,84.24548222,199.8595076,2.566806202,2.959788039,4.593561963,49363,0.2108,29.215,S,S,1.552,41.08,SMALL
Juno,2.669149517,0.25694232,12.98891913,169.8527598,248.1386262,1.983332047,3.354966987,4.360813923,72684,0.214,7.21,Sk,S,1.03454,246.596,LARGE
Delia (1894 BK),2.783981969,0.085157541,3.35458871,259.2799527,10.71352462,2.54690491,3.021059028,4.645236497,42301,0.033,19.71,Ch,C,1.53041,44.189,SMALL
Gaspra (1916 S45),2.209738532,0.173680725,4.107051437,253.0550486,129.9914721,1.825949542,2.593527521,3.284880198,38474,0.246,7.042,S,S,0.83209,12.2,SMALL
Esther (1906 WP),2.414335075,0.243177532,8.637034005,141.9134,257.1647595,1.827223029,3.001447121,3.75149626,40949,0.316,47.5,S,S,0.856782,21.874,SMALL
Aschera,2.610787658,0.031093849,3.435962119,341.9802283,131.232634,2.529608222,2.691967094,4.218572611,50835,1,6.835,Xc,E,1.54778,24.957,SMALL
Zelia,2.358009449,0.130888843,5.499467343,354.7517853,335.0260925,2.04937232,2.666646577,3.620983232,49065,0.188,14.537,Sl,S,1.0393,37.517,SMALL
Eva,2.632268987,0.346437462,24.47402094,76.8196558,284.0578954,1.720352399,3.544185576,4.270744624,44555,0.049,13.66,X,CX,0.880177,100.254,LARGE
Adeona,2.674520603,0.144165514,12.63561904,77.41042721,44.36212881,2.288946966,3.060094239,4.373983334,48921,0.061,15.071,Ch,C,1.32302,127.783,LARGE
Ursina (1917 BD),2.797366596,0.106453572,13.29653703,309.3529008,21.69217352,2.499576929,3.095156263,4.678776275,42462,0.116,9.386,X,M,1.4913,34.561,SMALL
Arethusa,3.065326792,0.152587237,12.99536706,243.0265829,153.9282846,2.597597046,3.533056538,5.366898402,53556,0.058,8.705,Ch,C,1.61219,147.969,LARGE
Arequipa (1912 QB),2.589509763,0.245282503,12.36892498,184.6654336,134.2308836,1.954348327,3.224671199,4.167105842,38088,0.231,7.0259,S,S,0.963454,47.804,SMALL
Chiron (1977 UB),13.66912162,0.38044891,6.946685501,209.2143781,339.8161551,8.468719205,18.86952404,50.53812366,45206,0.15,5.918,Cb,B,7.47103,166,LARGE
Seleucus (1982 DV),2.033192006,0.456058684,5.930310138,218.6516956,349.3260862,1.105937135,2.960446877,2.899184089,13457,0.22,75,K,S,0.102357,2.8,SMALL
Asia,2.421340541,0.18542693,6.030227518,202.4413347,107.0212424,1.972358797,2.870322284,3.767836185,56780,0.228,15.853,S,S,0.967588,56.309,SMALL
Lova (1917 BU),2.702149542,0.14911409,5.838181791,115.7893209,286.8542202,2.299220971,3.105078113,4.441935748,37368,0.056,41.118,Ch,C,1.31579,50.692,SMALL
Alkeste,2.630776466,0.075492879,2.957083611,187.9836207,61.88221199,2.432171577,2.829381355,4.26711281,53578,0.128,9.906,S,S,1.41966,88.648,LARGE
Tea (1900 FA),2.183198005,0.108847823,5.550035175,11.71347401,220.6255618,1.945561655,2.420834354,3.225877645,43543,0.137,6.812,S,S,0.939155,23.985,SMALL
Anteros (1973 EC),1.430457204,0.256000702,8.706410856,246.3308388,338.392153,1.064259156,1.796655253,1.710883769,16993,0.17,2.86923,L,S,0.0622122,2.3,SMALL
Pepita (1928 VA),3.068548647,0.110541144,15.82824427,216.5847499,117.1004656,2.72934777,3.407749523,5.375362055,32273,0.229,5.1054,S,C,1.76322,36.632,SMALL
Eunike,2.737506641,0.129053958,23.23752856,153.8291754,223.7579858,2.384220574,3.090792709,4.529403115,49343,0.062,21.797,C,C,1.41717,160.464,LARGE
Industria (1894 BB),2.608283328,0.067201682,8.121485206,282.2858817,264.8990667,2.433002302,2.783564354,4.212504234,45627,0.225,8.53,S,S,1.45103,74.378,LARGE
Daphne,2.760438709,0.275417534,15.79210045,178.0867398,45.89572505,2.000165488,3.520711929,4.586436293,55919,0.059,5.988,Ch,C,1.02633,205.495,LARGE
Faina (1913 RK),2.550518592,0.152592287,15.60768168,78.85525846,302.3946012,2.161329128,2.939708056,4.073342633,38817,0.047,23.678,Ch,C,1.20747,113.699,LARGE
Sylvia,3.482566201,0.093063247,10.87710567,73.04534446,263.5579669,3.158467283,3.806665118,6.499160667,45460,0.046,5.184,X,P,2.17369,253.051,LARGE
Vladimir (1932 DC),2.710690135,0.05772373,12.23179647,164.000955,298.1374266,2.554218989,2.86716128,4.463011594,31947,0.037,12.582,B,FBCU,1.59452,38.476,SMALL
Maria,2.553786541,0.063620757,14.37737874,301.2973546,158.4887337,2.391312709,2.716260373,4.081173829,43680,0.282,13.12,S,S,1.41245,33.136,SMALL
Hispania (1915 WT),2.838684388,0.140200571,15.3930227,347.5935321,344.6525947,2.440699216,3.23666956,4.782818123,40773,0.054,14.845,C,PC,1.43355,137.952,LARGE
Praxedis (1904 PB),2.774735787,0.23484946,16.85788722,193.0815905,196.3828557,2.123090587,3.426380988,4.62211403,41948,0.101,9.105,Xk,XD,1.1309,52.462,SMALL
Aletheia,3.132889323,0.128844157,10.81762957,86.85015174,168.1021101,2.72923484,3.536543805,5.545309382,44168,0.043,8.143,X,CP,1.71496,174.318,LARGE
Agathe,2.201790674,0.242027166,2.536220606,313.3113885,18.98904732,1.668897517,2.734683831,3.267173848,46327,0.2082,6.484,S,S,0.657747,9.3,SMALL
Minerva,2.756118499,0.139081848,8.556920247,4.0497956,274.8112195,2.372792444,3.139444554,4.57567354,54591,0.056,5.982,C,CU,1.3753,154.155,LARGE
Cerberus (1971 UA),1.080048255,0.466865608,16.09631,212.9252352,325.2556217,0.57581087,1.584285639,1.122465345,17538,0.22,6.8039,S,S,0.156505,1.2,SMALL
Lysistrata (1918 DZ),2.542404612,0.095068235,14.3306412,257.9700962,24.01547298,2.300702692,2.784106532,4.053920277,36907,0.214,11.26,Sl,S,1.29008,24.337,SMALL
Dejopeja,3.188001809,0.066321249,1.143016782,331.5647278,210.2318618,2.976569547,3.399434072,5.6922772,46244,0.215,6.4416,X,X,1.97954,62.483,SMALL
Thalia,2.625683428,0.234983917,10.11425811,66.84681403,60.63681441,2.008690051,3.242676805,4.254727466,59343,0.2536,12.312,S,S,1.04633,107.53,LARGE
